abandon,porzucić
abandoned,opuszczony
ability,umiejętność
able,zdolny
about,o
above,powyżej
abroad,za granicą
absence,brak
absent,nieobecny
absolute,absolutny
absolutely,absolutnie
absorb,absorbować
abuse,nadużycie
academic,akademicki
accent,akcent
accept,zaakceptować
acceptable,do przyjęcia
access,dostęp
accident,wypadek
accidental,przypadkowy
accidentally,przypadkowo
accommodation,nocleg
accompany,towarzyszyć
according to,według
account,konto
account for,konto dla
accurate,dokładny
accurately,dokładnie
accuse,oskarżać
achieve,osiągać
achievement,osiągnięcie
acid,kwas
acknowledge,uznać
a couple,parę
acquire,nabyć
across,przez
act,działać
action,akcja
active,aktywny
actively,aktywnie
activity,czynność
actor,aktor
actress,aktorka
actual,rzeczywisty
actually,tak właściwie
ad,ogłoszenie
adapt,przystosować się
add,dodać
addition,dodanie
additional,dodatkowy
add on,dodatek
address,adres
add up,sumować
add up to,sumują się do
adequate,odpowiedni
adequately,odpowiednio
adjust,dostosować
admiration,podziw
admire,podziwiać
admit,przyznać
adopt,przyjąć
adult,dorosły
advance,postęp
advanced,zaawansowane
advantage,korzyść
adventure,przygoda
advert,ogłoszenie
advertise,reklamować
advertisement,Reklama
advertising,reklama
advice,Rada
advise,doradzać
affair,sprawa
affect,oddziaływać
affection,tkliwość
afford,pozwolić sobie
afraid,przestraszony
after,po
afternoon,popołudnie
afterwards,potem
again,jeszcze raz
against,przeciwko
age,wiek
aged,w wieku
agency,agencja
agent,agent
aggressive,agresywny
ago,temu
agree,zgodzić się
agreement,umowa
ahead,przed siebie
aid,pomoc
aim,cel
air,powietrze
aircraft,samolot
airport,lotnisko
alarm,alarm
alarmed,zaniepokojony
alarming,alarmujące
alcohol,alkohol
alcoholic,alkoholowy
alive,żywy
all,wszystko
allied,sprzymierzony
allow,dopuszczać
allow for,pozwalać na
all right,w porządku
ally,sprzymierzyć
almost,prawie
alone,sam
along,wzdłuż
alongside,wzdłuż
aloud,głośno
alphabet,alfabet
alphabetical,alfabetyczny
alphabetically,alfabetycznie
already,już
also,również
alter,zmieniać
alternative,alternatywny
alternatively,alternatywnie
although,mimo że
altogether,całkowicie
always,zawsze
a.m.,jestem.
amaze,zadziwiać
amazed,zdumiony
amazing,niesamowity
ambition,ambicja
ambulance,karetka pogotowia
among,pośród
amount,ilość
amount to,wynieść
amuse,bawić
amused,rozbawiony
amusing,zabawny
analyse,analizować
analysis,analiza
ancient,starożytny
and,i
anger,gniew
angle,kąt
angrily,gniewnie
angry,zły
animal,zwierzę
ankle,kostka
anniversary,rocznica
announce,ogłosić
annoy,drażnić
annoyed,zirytowany
annoying,denerwujący
annual,roczny
annually,rocznie
another,inne
answer,odpowiedź
anti-,anty-
anticipate,przewidywać
anxiety,niepokój
anxious,niespokojny
anxiously,z niepokojem
any,każdy
anybody,ktoś
anyone,ktoś
anything,byle co
anyway,tak czy siak
anywhere,gdziekolwiek
apart,niezależnie
apart from,oprócz
apartment,apartament
apologize,przepraszać
apparent,pozorny
apparently,widocznie
appeal,apel
appear,zjawić się
appearance,wygląd
apple,jabłko
application,podanie
apply,zastosować
appoint,wyznaczać
appointment,spotkanie
appreciate,doceniać
approach,podejście
appropriate,właściwy
approval,zatwierdzenie
approve,zatwierdzać
approving,pochlebny
approximate,przybliżony
approximately,w przybliżeniu
April,kwiecień
area,powierzchnia
argue,kłócić się
argument,argument
arise,powstać
arm,ramię
armed,uzbrojony
arms,ramiona
army,armia
around,na około
arrange,zorganizować
arrangement,układ
arrest,aresztować
arrival,przyjazd
arrive,przybyć
arrive at,dotrze o
arrow,strzałka
art,sztuka
article,artykuł
artificial,sztuczny
artificially,sztucznie
artist,artysta
artistic,artystyczny
artistically,artystycznie
as,tak jak
ashamed,zawstydzony
aside,na bok
aside from,oprócz
ask,zapytać
asleep,we śnie
aspect,aspekt
assist,wspierać
assistance,wsparcie
assistant,asystent
associate,współpracownik
associated,powiązany
association,stowarzyszenie
assume,założyć
assure,gwarantować
at,w
atmosphere,atmosfera
atom,atom
attach,dołączać
attached,przywiązany
attack,atak
attempt,próba
attempted,próba
attend,brać udział w
attend to,uczęszczać na
attention,Uwaga
attitude,nastawienie
attorney,adwokat
attract,pociągać
attraction,atrakcja
attractive,atrakcyjny
audience,publiczność
August,sierpień
aunt,ciotka
author,autor
authority,autorytet
automatic,automatyczny
automatically,automatycznie
autumn,jesień
available,dostępny
average,średni
avoid,uniknąć
awake,obudzić
award,nagroda
aware,świadomy
away,z dala
awful,straszny
awfully,strasznie
awkward,niezręczny
awkwardly,niezgrabnie
baby,dziecko
back,plecy
background,tło
back up,utworzyć kopię zapasową
backward,do tyłu
backwards,wstecz
bacteria,bakteria
bad,zły
badly,źle
bad-tempered,gderliwy
bag,torba
baggage,bagaż
bake,piec
balance,saldo
ball,piłka
ban,zakaz
band,zespół muzyczny
bandage,bandaż
bank,bank
bar,bar
bargain,okazja
barrier,bariera
base,baza
based,na podstawie
base on,baza na
basic,podstawowy
basically,gruntownie
basis,podstawa
bath,kąpiel
bathroom,łazienka
battery,bateria
battle,bitwa
bay,zatoka
be,być
beach,plaża
beak,dziób
bear,Niedźwiedź
beard,broda
beat,bić
beat up,naganiać
beautiful,piękny
beautifully,estetycznie
beauty,piękno
because,bo
because of,z powodu
become,zostać
bed,łóżko
bedroom,sypialnia
beef,wołowina
beer,piwo
before,przed
begin,zaczynać
beginning,początek
behalf,imieniu
behave,zachowywać się
behaviour,zachowanie
behind,za
be left over,pozostawić na
belief,wiara
believe,uwierzyć
believe in,wierzyć w
bell,dzwon
belong,należeć
belong to,należeć do
below,poniżej
belt,pas
bend,zakręt
beneath,pod
benefit,zasiłek
bent,zgięty
beside,oprócz
best,Najlepsza
bet,Zakład
better,lepszy
betting,zakłady
between,pomiędzy
beyond,poza
bicycle,rower
bid,licytować
big,duży
bike,rower
bill,rachunek
billion,miliard
bin,kosz
biology,biologia
bird,ptak
birth,narodziny
birthday,urodziny
biscuit,Herbatnik
bit,kawałek
bite,gryźć
bitter,gorzki
bitterly,gorzko
black,czarny
blade,nóż
blame,winić
blank,pusty
blind,ślepy
block,blok
blonde,blond
blood,krew
blow,cios
blow out,zdmuchnąć
blow up,wysadzić w powietrze
blue,niebieski
board,tablica
boat,łódź
body,ciało
boil,gotować
bomb,bomba
bone,kość
book,książka
boot,bagażnik
border,granica
bore,nudziarz
bored,znudzony
boring,nudny
born,urodzony
borrow,pożyczać
boss,szef
both,obie
bother,zawracać głowę
bottle,butelka
bottom,Dolny
bound,uwiązany
bowl,miska
box,pudełko
boy,chłopak
boyfriend,chłopak
brain,mózg
branch,Oddział
brand,Marka
brave,odważny
bread,chleb
break,przerwa
break down,awaria
breakfast,śniadanie
break in,włamać się
break into,włamać się do
break off,zerwać
break out,uciec
break up,zerwać
breast,pierś
breath,oddech
breathe,oddychać
breathe in,wdychać
breathe out,wydychać
breathing,oddechowy
breed,rasa
brick,cegła
bridge,most
brief,krótki
briefly,krótko
bright,jasny
brightly,jaskrawo
brilliant,znakomity
bring,przynieść
bring back,przynieść z powrotem
bring down,obniżać
bring forward,przenieść
bring out,wynieść
bring up,wychować
broad,szeroki
broadcast,nadawanie
broadly,rozłożysto
broken,złamany
brother,brat
brown,brązowy
brush,szczotka
bubble,bańka
budget,budżet
build,budować
building,budynek
build up,tworzyć
bullet,pocisk
bunch,wiązka
burn,palić się
burn down,spalić
burnt,spalony
burst,rozerwanie
burst into,wybuchnęła
burst out,wybuchnął
bury,pogrzebać
bus,autobus
bush,krzak
business,biznes
businessman,biznesmen
busy,zajęty
but,ale
butter,masło
button,przycisk
buy,Kup
buyer,kupujący
by,przez
bye,PA
cabinet,gabinet
cable,kabel
cake,ciasto
calculate,Oblicz
calculation,obliczenie
call,połączenie
call back,oddzwonić
called,nazywa
call for,zadzwonić po
call off,odwołać
call up,mobilizować
calm,spokojna
calm down,uspokój się
calmly,spokojnie
camera,aparat fotograficzny
camp,obóz
campaign,kampania
camping,kemping
can,puszka
cancel,anuluj
cancer,nowotwór
candidate,kandydat
candy,cukierek
cannot,nie mogę
cap,czapka
capable,zdolny
capacity,pojemność
capital,kapitał
captain,kapitan
capture,zdobyć
car,samochód
card,karta
cardboard,karton
care,opieka
career,kariera
care for,opiekować się
careful,ostrożny
carefully,ostrożnie
careless,niedbały
carelessly,nędznie
carpet,wykładzina podłogowa
carrot,marchewka
carry,nieść
carry on,kontynuować
carry out,wykonać
case,walizka
cash,gotówkowy
cast,odlew
castle,zamek
cat,kot
catch,złapać
catch up,dogonić
category,Kategoria
cause,przyczyna
CD,Płyta CD
cease,zaprzestać
ceiling,sufit
celebrate,świętować
celebration,uroczystość
cell,komórka
cell phone,komórka
cent,cent
centimetre,centymetr
central,centralny
centre,centrum
century,stulecie
ceremony,ceremonia
certain,pewny
certainly,na pewno
certificate,certyfikat
chain,łańcuch
chair,krzesło
chairman,przewodniczący
chairwoman,przewodnicząca
challenge,wyzwanie
chamber,izba
chance,szansa
change,zmiana
change round,okrągły zmiana
channel,kanał
chapter,rozdział
character,postać
characteristic,charakterystyka
charge,opłata
charity,dobroczynność
chart,wykres
chase,gonić
chase away,odpędzić
chat,czat
cheap,tani
cheaply,tanio
cheat,oszukać
cheat of,oszukać z
check,czek
check in,zameldować się
check into,sprawdzić w
check on,sprawdzić
check out,sprawdzić
check over,sprawdź na
check up on,sprawdzać
cheek,policzek
cheerful,wesoły
cheerfully,wesoło
cheese,ser
chemical,chemiczny
chemist,chemik
chemistry,chemia
cheque,czek
chest,klatka piersiowa
chew,żuć
chicken,kurczak
chief,szef
child,dziecko
chin,Broda
chip,żeton
chocolate,czekolada
choice,wybór
choose,wybierać
chop,posiekać
chop down,ściąć
chop off,odciąć
church,kościół
cigarette,papieros
cinema,kino
circle,okrąg
circumstance,okoliczność
citizen,obywatel
city,miasto
civil,cywilny
claim,roszczenie
clap,klaskać
class,klasa
classic,klasyczny
classroom,klasa
clean,czysty
clean up,sprzątać
clear,jasny
clearly,Wyraźnie
clear out,pozbyć się
clear up,oczyścić
clerk,urzędnik
clever,sprytny
click,kliknąć
client,klient
climate,klimat
climb,wspinać się
climbing,wspinaczka
clock,zegar
close,blisko
closed,Zamknięte
closely,dokładnie
closet,gabinet
cloth,płótno
clothes,ubranie
clothing,odzież
cloud,chmura
club,klub
coach,trener
coal,węgiel
coast,wybrzeże
coat,płaszcz
code,kod
coffee,Kawa
coin,moneta
cold,zimno
coldly,ozięble
collapse,zawalić się
colleague,współpracownik
collect,zebrać
collection,kolekcja
college,szkoła wyższa
colour,kolor
coloured,kolorowy
column,kolumna
combination,połączenie
combine,połączyć
come,chodź
come across,natknąć się
come down,uspokój się
comedy,komedia
come from,pochodzić z
come in,Wejdź
come off,puścić
come on,daj spokój
come out,wyjść
come round,dojść do siebie
come to,przyjść do
come up,wchodzić na górę
come up to,przyjść do
comfort,komfort
comfortable,wygodny
comfortably,wygodnie
command,Komenda
comment,komentarz
commercial,Reklama w telewizji
commission,komisja
commit,popełnić
commitment,zaangażowanie
committee,komisja
common,wspólny
commonly,powszechnie
communicate,porozumieć się
communication,komunikacja
community,społeczność
company,firma
compare,porównać
comparison,porównanie
compete,rywalizować
competition,konkurencja
competitive,konkurencyjny
complain,skarżyć się
complaint,skarga
complete,kompletny
completely,całkowicie
complex,złożony
complicate,komplikować
complicated,skomplikowane
computer,komputer
concentrate,skupiać się
concentrate on,skupić się na
concentration,stężenie
concept,pojęcie
concern,sprawa
concerned,zaniepokojony
concerning,o
concert,koncert
conclude,wyciągnąć wniosek
conclusion,wniosek
concrete,beton
condition,stan
conduct,przeprowadzić
conference,konferencja
confidence,pewność siebie
confident,pewni
confidently,ufnie
confine,ograniczać
confined,ograniczony
confirm,potwierdzać
conflict,konflikt
confront,konfrontować
confuse,dezorientować
confused,zmieszany
confusing,zagmatwane
confusion,zamieszanie
congratulate,pogratulować
congratulation,gratulacja
congress,kongres
connect,połączyć
connected,połączony
connection,połączenie
conscious,świadomy
consequence,skutek
conservative,konserwatywny
consider,rozważać
considerable,znaczny
considerably,wydatnie
consideration,wynagrodzenie
consist,składać się
consist of,składać się z
constant,stały
constantly,stale
construct,skonstruować
construction,budowa
consult,konsultować
consumer,konsument
contact,kontakt
contain,zawierać
container,pojemnik
contemporary,współczesny
content,zawartość
contest,zawody
context,kontekst
continent,kontynent
continue,kontyntynuj
continuous,ciągły
continuously,bez przerwy
contract,kontrakt
contrast,kontrast
contrasting,kontrastujące
contribute,przyczynić się
contribution,wkład
control,kontrola
controlled,kontrolowane
convenient,wygodna
convention,Konwencja
conventional,standardowy
conversation,rozmowa
convert,konwertować
convince,przekonać
cook,gotować
cooker,kuchenka
cookie,ciastko
cooking,gotowanie
cool,chłodny
cool down,ochłonąć
cope,sprostać
copy,Kopiuj
core,rdzeń
corner,kąt
correct,poprawny
correctly,poprawnie
cost,koszt
cottage,Chata
cotton,bawełna
cough,kaszel
coughing,kaszel
could,mógłby
council,rada
count,liczyć
counter,licznik
count on,liczyć na
country,kraj
countryside,Wieś
county,Hrabstwo
couple,para
courage,odwaga
course,kierunek
court,Sąd
cousin,kuzyn
cover,pokrywa
covered,pokryty
covering,pokrycie
cover up,ukryć
cow,krowa
crack,pęknięcie
cracked,pęknięty
craft,rzemiosło
crash,wypadek
crazy,zwariowany
cream,krem
create,Stwórz
creature,kreatura
credit,kredyt
credit card,karta kredytowa
crime,przestępstwo
criminal,kryminalista
crisis,kryzys
crisp,chrupiący
criterion,kryterium
critical,krytyczny
criticism,krytyka
criticize,krytykować
crop,przyciąć
cross,krzyż
cross out,skreślać
crowd,tłum
crowded,zatłoczony
crown,korona
crucial,istotny
cruel,okrutny
crush,zmiażdżyć
cry,płakać
cry out,krzyknąć
cultural,kulturalny
culture,kultura
cup,Puchar
cupboard,kredens
curb,krawężnik
cure,lekarstwo
curious,ciekawy
curiously,ciekawie
curl,kędzior
curl up,skulić się
curly,kręcony
current,obecny
currently,obecnie
curtain,kurtyna
curve,krzywa
curved,zakrzywiony
custom,zwyczaj
customer,klient
customs,zwyczaje
cut,skaleczenie
cut back,cofać się
cut down,wyciąć
cut off,odciąć
cut out,odetnij
cut up,posiec
cycle,cykl
cycling,Jazda rowerem
dad,tata
daily,codziennie
damage,uszkodzić
damp,wilgoć
dance,taniec
dancer,tancerz
dancing,taniec
danger,zagrożenie
dangerous,niebezpieczny
dare,odważyć się
dark,ciemny
data,dane
date,data
date back,pochodzić z
daughter,córka
day,dzień
dead,nie żyje
deaf,głuchy
deal,rozdać
deal in,czynienia w
deal with,radzić sobie z
dear,drogi
death,śmierć
debate,debata
debt,dług
decade,dekada
decay,rozkład
December,grudzień
decide,decydować się
decide on,decyzję w sprawie
decision,decyzja
declare,ogłosić
decline,upadek
decorate,udekorować
decoration,dekoracja
decorative,dekoracyjny
decrease,zmniejszać
deep,głęboki
deeply,głęboko
defeat,Pokonać
defence,obrona
defend,bronić
define,definiować
definite,określony
definitely,Zdecydowanie
definition,definicja
degree,stopień
delay,opóźnienie
deliberate,celowe
deliberately,celowo
delicate,delikatny
delight,rozkosz
delighted,zachwycony
deliver,dostarczyć
delivery,dostawa
demand,żądanie
demonstrate,wykazać
dentist,dentysta
deny,zaprzeczać
department,departament
departure,wyjazd
depend,zależeć
depend on,zależeć od
deposit,kaucja
depress,deprymować
depressed,w depresji
depressing,przygnębiający
depth,głębokość
derive,czerpać
derive from,pochodzą z
describe,opisać
description,opis
desert,pustynia
deserted,opustoszały
deserve,zasłużyć
design,projekt
desire,pragnienie
desk,biurko
desperate,rozpaczliwy
desperately,desperacko
despite,pomimo
destroy,zniszczyć
destruction,zniszczenie
detail,Szczegół
detailed,szczegółowe
determination,determinacja
determine,określać
determined,ustalona
develop,rozwijać się
development,rozwój
device,urządzenie
devote,poświęcać
devoted,oddany
devote to,poświęcać się
diagram,diagram
diamond,diament
diary,Dziennik
dictionary,słownik
die,umierać
die away,przebrzmieć
die out,wymierać
diet,dieta
difference,różnica
different,różne
differently,różnie
difficult,trudny
difficulty,trudność
dig,kopać
digital,cyfrowy
dinner,obiad
direct,bezpośredni
direction,kierunek
directly,bezpośrednio
director,dyrektor
dirt,brud
dirty,brudny
disabled,niepełnosprawny
disadvantage,niekorzyść
disagree,nie zgadzać się
disagreement,niezgoda
disagree with doing,zgadzam się z robieniem
disappear,znikać
disappoint,zawieść
disappointed,rozczarowany
disappointing,niezadowalający
disappointment,rozczarowanie
disapproval,dezaprobata
disapprove,potępiać
disapproving,krzywy
disaster,nieszczęście
disc,dysk
discipline,dyscyplina
discount,zniżka
discover,odkryć
discovery,odkrycie
discuss,omawiać
discussion,dyskusja
disease,choroba
disgust,niesmak
disgusted,oburzony
disgusting,obrzydliwy
dish,danie
dishonest,nieuczciwy
dishonestly,nieuczciwie
disk,dysk
dislike,nie lubić
dismiss,odwołać
display,pokaz
dissolve,rozpuścić
distance,dystans
distinguish,rozróżniać
distribute,rozprowadzać
distribution,dystrybucja
district,dzielnica
disturb,przeszkadzać
disturbing,zakłócając
divide,podzielić
division,podział
divorce,rozwód
divorced,rozwiedziony
do,zrobić
doctor,lekarz
document,dokument
dog,pies
dollar,dolar
domestic,krajowy
dominate,zdominować
door,drzwi
dot,kropka
double,podwójnie
doubt,wątpić
do up,zapakować
do with,zrobić z
do without,robić bez
down,na dół
downstairs,na dół
downward,zniżkowy
downwards,ku dołowi
dozen,tuzin
draft,wersja robocza
drag,opór
drama,dramat
dramatic,dramatyczny
dramatically,dramatycznie
draw,remis
drawer,szuflada
drawing,rysunek
dream,marzenie
dress,sukienka
dressed,ubrany
dress up,ubrać się
drink,drink
drive,napęd
drive away,odjechać
drive off,odjechać
driver,kierowca
driving,napędowy
drop,upuszczać
drop out,wycofać się
drug,narkotyk
drugstore,apteka
drum,bęben
drunk,pijany
dry,suchy
dry off,wysuszyć się
dry up,wyschnąć
due,z powodu
dull,nudny
dump,wysypisko
during,w trakcie
dust,kurz
duty,cło
DVD,płyta DVD
dying,umierający
each,każdy
each other,wzajemnie
ear,ucho
early,wcześnie
earn,zarabiać
earth,Ziemia
ease,łatwość
easily,z łatwością
east,Wschód
eastern,wschodni
easy,łatwo
eat,jeść
eat out,jeść poza domem
eat up,zjadać
economic,gospodarczy
economy,gospodarka
edge,krawędź
edition,wydanie
editor,redaktor
educate,kształcić
educated,wykształcony
education,Edukacja
effect,efekt
effective,efektywny
effectively,efektywnie
efficient,wydajny
efficiently,wydajnie
effort,wysiłek
e.g.,na przykład
egg,jajko
eight,osiem
eighteen,osiemnaście
eighteenth,osiemnasty
eighth,ósma
eightieth,osiemdziesiąty
eighty,osiemdziesiąt
either,zarówno
elbow,łokieć
elderly,Starsi
elect,elekt
election,wybór
electric,elektryczny
electrical,elektryczny
electricity,Elektryczność
electronic,elektroniczny
elegant,elegancki
element,element
elevator,winda
eleven,jedenaście
eleventh,jedenasty
else,jeszcze
elsewhere,gdzie indziej
email,e-mail
embarrass,zawstydzić
embarrassed,Zakłopotany
embarrassing,żenujący
embarrassment,zakłopotanie
emerge,pojawić się
emergency,nagły wypadek
emotion,emocja
emotional,emocjonalny
emotionally,emocjonalnie
emphasis,nacisk
emphasize,podkreślać
empire,imperium
employ,zatrudniać
employee,pracownik
employer,pracodawca
employment,zatrudnienie
empty,pusty
enable,włączyć
encounter,spotkanie
encourage,zachęcać
encouragement,zachęta
end,koniec
end in,kończy się
ending,kończący się
end up,skończyć się
enemy,wróg
energy,energia
engage,angażować
engaged,zaręczony
engine,silnik
engineer,inżynier
engineering,Inżynieria
enjoy,cieszyć się
enjoyable,przyjemny
enjoyment,przyjemność
enormous,ogromny
enough,dość
enquiry,zapytanie ofertowe
ensure,zapewnić
enter,wchodzić
entertain,bawić
entertainer,komik
entertaining,zabawny
entertainment,zabawa
enthusiasm,entuzjazm
enthusiastic,entuzjastyczny
enthusiastically,entuzjastycznie
entire,Cały
entirely,całkowicie
entitle,upoważniać
entrance,wejście
entry,wejście
envelope,koperta
environment,środowisko
environmental,środowiskowy
equal,równy
equally,na równi
equipment,ekwipunek
equivalent,odpowiednik
error,błąd
escape,ucieczka
especially,w szczególności
essay,Praca pisemna
essential,kluczowy
essentially,głównie
establish,ustalić
estate,osiedle
estimate,oszacowanie
etc.,itp.
euro,euro
even,parzysty
evening,wieczór
event,zdarzenie
eventually,ostatecznie
ever,zawsze
every,każdy
everybody,wszyscy
everyone,każdy
everything,wszystko
everywhere,wszędzie
evidence,dowód
evil,zło
ex-,dawny-
exact,dokładny
exactly,dokładnie
exaggerate,wyolbrzymiać
exaggerated,przesadny
exam,egzamin
examination,badanie
examine,zbadać
example,przykład
excellent,doskonały
except,z wyjątkiem
exception,wyjątek
exchange,Wymieniać się
excite,podniecać
excited,podekscytowany
excitement,podniecenie
exciting,ekscytujący
exclude,wykluczać
excluding,z pominięciem
excuse,pretekst
executive,wykonawczy
exercise,ćwiczenie
exhibit,eksponować
exhibition,wystawa
exist,istnieć
existence,istnienie
exit,wyjście
expand,rozszerzać
expect,oczekiwać
expectation,oczekiwanie
expected,spodziewany
expense,koszt
expensive,kosztowny
experience,doświadczenie
experienced,doświadczony
experiment,eksperyment
expert,ekspert
explain,wyjaśnić
explanation,wyjaśnienie
explode,eksplodować
explore,badać
explosion,wybuch
export,eksport
expose,expose
express,wyrazić
expression,wyrażenie
extend,poszerzać
extension,rozbudowa
extensive,rozległy
extent,stopień
extra,dodatkowy
extraordinary,niezwykły
extreme,skrajny
extremely,niezwykle
eye,oko
face,Twarz
face up to,zmierzyć się z
facility,obiekt
fact,fakt
factor,czynnik
factory,fabryka
fail,zawieść
failure,niepowodzenie
faint,słaby
faintly,słabo
fair,targi
fairly,dość
faith,wiara
faithful,wierny
faithfully,wiernie
fall,spadek
FALSE,FAŁSZYWY
fame,sława
familiar,znajomy
family,rodzina
famous,sławny
fan,wentylator
fancy,fantazyjny
far,daleko
farm,gospodarstwo rolne
farmer,rolnik
farming,rolnictwo
farther,dalej
farthest,najdalej
fashion,moda
fashionable,modny
fast,szybki
fasten,przymocować
fat,tłuszcz
father,ojciec
faucet,kran
fault,wina
favour,przysługa
favourite,ulubiony
fear,strach
feather,pióro
feature,funkcja
February,luty
federal,federalny
fee,opłata
feed,karmić
feel,czuć
feeling,uczucie
fellow,facet
female,Płeć żeńska
fence,płot
festival,festiwal
fetch,sprowadzać
fever,gorączka
few,mało
field,pole
fifteen,piętnaście
fifteenth,piętnasty
fifth,piąty
fiftieth,pięćdziesiąty
fifty,pięćdziesiąt
fight,walka
fighting,walczący
figure,postać
figure out,rozwiązać
file,plik
fill,napełnić
fill in,wypełnić
fill out,wypełniać
fill up,wypełnić
film,film
final,finał
finally,Wreszcie
finance,finanse
financial,budżetowy
find,odnaleźć
find out,dowiedzieć się
fine,w porządku
finely,delikatnie
finger,palec
finish,koniec
finished,skończone
finish off,dobić
fire,ogień
firm,firma
firmly,mocno
first,pierwszy
fish,ryba
fishing,Wędkarstwo
fit,dopasowanie
fit in,pasować
five,pięć
fix,naprawić
fixed,naprawiony
flag,flaga
flame,płomień
flash,Lampa błyskowa
flat,mieszkanie
flavour,smak
flesh,ciało
flight,lot
float,pływak
flood,powódź
flooded,zalane
flooding,powódź
floor,piętro
flour,mąka
flow,pływ
flower,kwiat
flu,grypa
fly,latać
flying,latający
focus,skupiać
fold,zagięcie
folding,składanie
follow,podążać
following,następujący
follow up,zagryźć
food,jedzenie
foot,stopa
football,piłka nożna
for,dla
force,siła
forecast,prognoza
foreign,obcy
forest,las
forever,na zawsze
forget,zapomnieć
forgive,Wybacz
fork,widelec
form,Formularz
formal,formalny
formally,formalnie
former,były
formerly,dawniej
formula,formuła
fortieth,czterdziesty
fortune,fortuna
forty,czterdzieści
forward,Naprzód
found,znaleziony
foundation,Fundacja
four,cztery
fourteen,czternaście
fourteenth,czternasty
fourth,czwarty
frame,rama
free,darmowy
freedom,wolność
freely,swobodnie
freeze,zamrażać
frequent,częsty
frequently,często
fresh,świeży
freshly,świeżo
Friday,piątek
fridge,lodówka
friend,przyjaciel
friendly,przyjazny
friendship,przyjaźń
frighten,przestraszyć
frighten away/off,odstraszyć / off
frightened,przerażony
frightening,przerażający
from,od
front,z przodu
frozen,mrożony
fruit,owoc
fry,smażyć
fuel,paliwo
full,pełny
fully,całkowicie
fun,zabawa
function,funkcjonować
function as,funkcja jako
fund,fundusz
fundamental,fundamentalny
funeral,pogrzeb
funny,zabawny
fur,futro
furniture,meble
further,dalej
future,przyszłość
gain,zdobyć
gallon,galon
gamble,hazard
gambling,hazard
game,gra
gap,luka
garage,garaż
garbage,Śmieci
garden,ogród
gas,gaz
gasoline,benzyna
gate,brama
gather,zbierać
gear,koło zębate
general,generał
generally,ogólnie
generate,Generować
generation,Pokolenie
generous,hojny
generously,hojnie
gentle,delikatny
gentleman,pan
gently,łagodnie
genuine,prawdziwy
genuinely,prawdziwie
geography,geografia
get,otrzymać
get away,uciec
get away with,uciec z
get back,cofnąć się
get by,dawać sobie radę finansowo
get in,wchodzić
get into,wejść w
get off,zejść
get on,wsiadać
get on with,Wsiadaj
get out of,wydostać się z
get over,przeboleć
get round,rozchodzić się
get round to,Zawróć do
get through,przedostać się przez
get up,Wstań
giant,ogromny
gift,prezent
girl,dziewczyna
girlfriend,dziewczyna
give,dać
give away,rozdać
give back,oddać
give in,poddać się
give off,wydzielać
give out,wydać
give up,poddać się
glad,zadowolony
glass,szkło
global,światowy
glove,rękawica
glue,klej
go,udać się
go ahead,śmiało
goal,cel
go away,Idź stąd
go back,Wróć
go back to,Wróć do
go by,mijać
god,Bóg
go down,spadać
go into,wejść do
gold,złoto
good,dobry
goodbye,do widzenia
goods,dobra
go off,wyruszać
go on,trwać
go on doing,iść na robienie
go out,wychodzić
go out with,wyjść z
go over,przejrzeć
go round,chodzić w kółko
go through,iść przez
go through with,przejść z
go to,iść do
go up,wchodzić
govern,rządzić
government,rząd
governor,gubernator
go with,iść z
go without,iść bez
grab,chwycić
grade,stopień
gradual,stopniowy
gradually,stopniowo
grain,ziarno
gram,gram
grammar,gramatyka
grand,wielki
grandchild,wnuczka
granddaughter,wnuczka
grandfather,Dziadek
grandmother,babcia
grandparent,dziadek
grandson,wnuk
grant,dotacja
grass,trawa
grateful,wdzięczny
grave,grób
gravely,uroczyście
great,świetny
greatly,bardzo
green,Zielony
grey,szary
grocery,sklep spożywczy
ground,ziemia
group,Grupa
grow,rosnąć
growth,wzrost
grow up,dorastać
guarantee,gwarancja
guard,strzec
guess,odgadnąć
guest,Gość
guide,przewodnik
guilty,winny
gun,pistolet
guy,chłopak
habit,nawyk
hair,włosy
hairdresser,fryzjer
half,pół
hall,sala
hammer,młotek
hand,dłoń
hand back,ręka z powrotem
hand down,ogłosić
hand in,doręczać
handle,uchwyt
hand out,materiały informacyjne
hand over,przekazać
hand round,okrągłe pismo
hang,powiesić
hang about,obijać się
hang about with,Hang oz
hang around,obijać się
hang around with,obijać się
hang on,wytrzymać
hang on to,powiesić na
hang up,odłożyć słuchawkę
happen,zdarzyć
happen to,stało się
happily,szczęśliwie
happiness,szczęście
happy,szczęśliwy
hard,ciężko
hardly,ledwie
harm,zaszkodzić
harmful,szkodliwy
harmless,nieszkodliwy
hat,kapelusz
hate,nienawidzić
hatred,nienawiść
have,mieć
have back,mieć z powrotem
have on,mają na
have to,musieć
he,on
head,głowa
headache,bół głowy
heal,uzdrowić
health,zdrowie
healthy,zdrowy
hear,słyszeć
hear from,usłyszeć od
hearing,przesłuchanie
hear of,słyszeć
heart,serce
heat,ciepło
heating,ogrzewanie
heat up,podgrzać
heaven,niebo
heavily,ciężko
heavy,ciężki
heel,obcas
height,wysokość
hell,piekło
hello,Witaj
help,Wsparcie
helpful,pomocny
help out,wydźwignąć
hence,W związku z tym
her,jej
here,tutaj
hero,bohater
hers,jej
herself,się
hesitate,wahać się
hi,cześć
hide,ukryć
high,wysoki
highlight,atrakcja
highly,wysoko
highway,Autostrada
hill,wzgórze
him,mu
himself,samego siebie
hip,cześć p
hire,zatrudnić
hire out,wynajmować
his,jego
historical,historyczny
history,historia
hit,trafienie
hobby,hobby
hold,trzymać
hold back,powstrzymywać się
hold on,czekaj
hold on to,trzymaj się
hold out,wytrzymać
hold up,wstrzymać
hole,otwór
holiday,święto
hollow,wydrążony
holy,święty
home,Dom
homework,Praca domowa
honest,szczery
honestly,szczerze
honour,zaszczyt
hook,hak
hope,nadzieja
horizontal,poziomy
horn,róg
horror,przerażenie
horse,koń
hospital,szpital
host,gospodarz
hot,gorąco
hotel,hotel
hour,godzina
house,dom
household,gospodarstwo domowe
housing,mieszkaniowy
how,w jaki sposób
however,jednak
huge,olbrzymi
human,człowiek
humorous,humorystyczny
humour,humor
hundred,sto
hundredth,setny
hungry,głodny
hunt,polowanie
hunting,polowanie
hurry,pośpiech
hurry up,Pośpiesz się
hurt,ból
husband,mąż
I,ja
ice,lód
ice cream,lody
idea,pomysł
ideal,ideał
identify,zidentyfikować
identify with,identyfikować z
identity,tożsamość
i.e.,to znaczy
if,gdyby
ignore,ignorować
ill,chory
illegal,nielegalny
illegally,nielegalnie
illness,choroba
illustrate,zilustrować
image,wizerunek
imaginary,wyimaginowany
imagination,wyobraźnia
imagine,wyobrażać sobie
immediate,natychmiastowy
immediately,natychmiast
immoral,niemoralny
impact,wpływ
impatient,Niecierpliwy
implication,implikacja
imply,sugerować
import,import
importance,znaczenie
important,ważny
importantly,najważniejsze
impose,narzucać
impossible,niemożliwy
impress,imponować
impressed,pod wrażeniem
impression,wrażenie
impressive,imponujący
improve,ulepszać
improvement,poprawa
in,w
inability,niemożność
inch,cal
incident,incydent
include,zawierać
including,włącznie z
income,dochód
increase,zwiększać
increasingly,coraz częściej
indeed,w rzeczy samej
independence,niezależność
independent,niezależny
independently,niezależnie
index,indeks
indicate,wskazać
indication,wskazanie
indirect,pośredni
indirectly,pośrednio
individual,indywidualny
indoor,wnętrz
indoors,wewnątrz
industrial,przemysłowy
industry,przemysł
inevitable,nieunikniony
inevitably,nieuchronnie
infect,infekować
infected,zarażony
infection,infekcja
infectious,zakaźny
influence,wpływ
inform,poinformować
informal,nieformalny
information,Informacja
ingredient,składnik
initial,Inicjał
initially,początkowo
initiative,inicjatywa
injure,zranić
injured,ranny
injury,zranienie
ink,atrament
inner,wewnętrzny
innocent,niewinny
insect,owad
insert,wstawić
inside,wewnątrz
insist,obstawać
insist on,nalegać na
insist on doing,domagać się robi
install,zainstalować
instance,instancja
instead,zamiast
instead of,zamiast
institute,instytut
institution,instytucja
instruction,instrukcja
instrument,instrument
insult,zniewaga
insulting,obraźliwy
insurance,ubezpieczenie
intelligence,inteligencja
intelligent,inteligentny
intend,zamierzać
intended,zamierzony
intention,zamiar
interest,zainteresowanie
interested,zainteresowany
interesting,ciekawy
interior,wnętrze
internal,wewnętrzny
international,międzynarodowy
Internet,Internet
interpret,interpretować
interpretation,interpretacja
interrupt,przerwać
interruption,przerwanie
interval,interwał
interview,wywiad
into,w
introduce,przedstawiać
introduction,wprowadzenie
invent,wymyślać
invention,wynalazek
invest,inwestować
investigate,zbadać
investigation,dochodzenie
investment,inwestycja
invitation,zaproszenie
invite,Zapraszam
involve,angażować
involved,zaangażowany
involvement,uwikłanie
iron,żelazo
irritate,irytować
irritated,poirytowany
irritating,irytujący
island,wyspa
issue,kwestia
it,to
item,pozycja
its,jego
itself,samo
jacket,kurtka
jam,dżem
January,styczeń
jealous,zazdrosny
jeans,dżinsy
jelly,galareta
jewellery,biżuteria
job,praca
join,Przystąp
join in,dołączyć
joint,połączenie
jointly,wspólnie
joke,żart
journalist,dziennikarz
journey,podróż
joy,radość
judge,sędzia
judgement,osąd
juice,sok
July,lipiec
jump,skok
June,czerwiec
junior,junior
just,właśnie
justice,sprawiedliwość
justified,usprawiedliwiony
justify,uzasadniać
keen,zapalony
keep,trzymać
keep out,nie wchodzić
keep out of,trzymaj się z dala od
keep up,nadążać
keep up with,nadążyć
key,klucz
keyboard,klawiatura
kick,kopnięcie
kid,dziecko
kill,zabić
killing,zabicie
kilogram,kilogram
kilometre,kilometr
kind,uprzejmy
kindly,uprzejmie
kindness,życzliwość
king,król
kiss,pocałunek
kitchen,kuchnia
knee,kolano
knife,nóż
knit,robić na drutach
knitted,trykotowy
knitting,robienie na drutach
knock,pukanie
knock down,powalić
knock out,Nokaut
knot,węzeł
know,wiedzieć
knowledge,"wiedza, umiejętności"
lab,laboratorium
label,etykieta
laboratory,laboratorium
labour,rodzić
lack,brak
lacking,brakuje
lady,dama
lake,jezioro
lamp,lampa
land,wylądować
landscape,krajobraz
lane,pas ruchu
language,język
large,duży
largely,w dużej mierze
last,ostatnio
late,późno
later,później
latest,najnowszy
latter,końcowy
laugh,śmiech
laugh at,śmiać się z
launch,uruchomić
law,prawo
lawyer,prawnik
lay,kłaść
layer,warstwa
lazy,leniwy
lead,prowadzić
leader,lider
leading,prowadząc
leaf,liść
league,liga
lean,pochylać się
learn,uczyć się
least,najmniej
leather,Skórzany
leave,wyjechać
leave out,pomijać
lecture,wykład
left,lewo
leg,noga
legal,prawny
legally,prawnie
lemon,cytrynowy
lend,wypożyczać
length,długość
less,mniej
lesson,lekcja
let,pozwolić
let down,rozczarowanie
let off,wypuszczać
letter,list
level,poziom
library,biblioteka
licence,licencja
license,licencja
lid,pokrywa
lie,kłamstwo
lie around,poniewierać się
lie down,połóż się
life,życie
lift,winda
light,światło
lightly,lekko
like,lubić
likely,prawdopodobne
limit,limit
limited,ograniczony
limit to,ograniczone do
line,linia
link,połączyć
lip,warga
liquid,ciekły
list,lista
listen,słuchać
literature,literatura
litre,litr
little,mało
live,na żywo
lively,żywy
live on,Żyj dalej
live through,przeżyć
live together,żyć razem
living,życie
load,Załaduj
loan,pożyczka
local,lokalny
locally,lokalnie
locate,Znajdź
located,usytuowany
location,Lokalizacja
lock,zamek
lock up,zamknąć
logic,logika
logical,logiczny
lonely,samotny
long,długo
look,Popatrz
look after,opiekować się
look at,patrzeć na
look down on,patrzeć z góry
look forward to,Oczekiwać
look into,zbadać
look on,Spójrz na
look on with,przyglądać się
look out,Uważaj
look out for,wypatrywać
look round,Rozejrzyj się
look through,spojrzeć przez
look up,sprawdzać
look up to,szanować
loose,luźny
loosely,luźno
lord,Lord
lorry,ciężarówka
lose,stracić
loss,utrata
lost,Stracony
lot,los
loud,głośny
loudly,głośno
love,miłość
lovely,śliczny
lover,kochanek
low,Niska
loyal,wierny
luck,szczęście
lucky,Szczęściarz
luggage,bagaż
lump,guzek
lunch,lunch
lung,płuco
machine,maszyna
machinery,maszyneria
mad,szalony
magazine,czasopismo
magic,magia
mail,Poczta
main,Główny
mainly,głównie
maintain,utrzymać
major,poważny
majority,większość
make,robić
make into,przekształcić
make up,makijaż
make-up,makijaż
make up for,wynagradzać
male,męski
mall,centrum handlowe
man,mężczyzna
manage,zarządzać
management,zarządzanie
manager,menedżer
manner,sposób
manufacture,produkcja
manufacturer,producent
manufacturing,produkcja
many,wiele
map,mapa
march,Marsz
March,Marsz
mark,znak
market,rynek
marketing,marketing
marriage,małżeństwo
married,żonaty
marry,ożenić
mass,masa
massive,masywny
master,mistrz
match,mecz
matching,pasujący
match up,dopasować
mate,kumpel
material,materiał
mathematics,matematyka
matter,materia
maximum,maksymalny
may,może
May,Może
maybe,może
mayor,burmistrz
me,mnie
meal,posiłek
mean,oznaczać
meaning,znaczenie
means,znaczy
meanwhile,W międzyczasie
measure,pomiar
measurement,pomiary
meat,mięso
media,głoska bezdźwięczna
medical,medyczny
medicine,lekarstwo
medium,średni
meet,spotykać się
meeting,spotkanie
meet up,spotkać się
meet with,spotkać się z
melt,topnieć
member,członek
membership,członkostwo
memory,pamięć
mental,psychiczny
mentally,umysłowo
mention,wzmianka
menu,menu
mere,sam
merely,jedynie
mess,bałagan
message,wiadomość
metal,metal
method,metoda
metre,metr
mid-,Środek-
midday,południe
middle,środkowy
midnight,północ
might,móc
mild,łagodny
mile,mila
military,wojskowy
milk,mleko
milligram,miligram
millimetre,milimetr
million,milion
millionth,milionowy
mind,umysł
mine,kopalnia
mineral,minerał
minimum,minimum
minister,minister
ministry,ministerstwo
minor,mniejszy
minority,mniejszość
minute,minuta
mirror,lustro
miss,chybienie
missing,brakujący
miss out,przegapić
mistake,błąd
mistake for,błędem
mistaken,błędny
mix,mieszać
mixed,mieszany
mixture,mieszanina
mix up,mieszać
mobile,mobilny
mobile phone,telefon komórkowy
model,model
modern,nowoczesny
mom,mama
moment,za chwilę
Monday,poniedziałek
money,pieniądze
monitor,monitor
month,miesiąc
mood,nastrój
moon,księżyc
moral,morał
morally,moralnie
more,więcej
moreover,co więcej
morning,ranek
most,większość
mostly,przeważnie
mother,mama
motion,ruch
motor,silnik
motorbike,motocykl
motorcycle,motocykl
mount,uchwyt
mountain,Góra
mouse,mysz
mouth,usta
move,ruszaj się
move in,wchodzić
movement,ruch
move out,Wyprowadzać się
move over,przesuń się
movie,film
movie theater,kino
moving,w ruchu
Mr,Pan
Mrs,Pani
Ms,ms
much,wiele
mud,błoto
multiply,zwielokrotniać
mum,milczący
murder,morderstwo
muscle,mięsień
museum,muzeum
music,muzyka
musical,musical
musician,muzyk
must,musi
my,mój
myself,siebie
mysterious,tajemniczy
mystery,zagadka
nail,gwóźdź
naked,nagi
name,Nazwa
narrow,wąska
nation,naród
national,krajowy
natural,naturalny
naturally,naturalnie
nature,Natura
navy,marynarka wojenna
near,Blisko
nearby,blisko
nearly,prawie
neat,schludny
neatly,starannie
necessarily,koniecznie
necessary,niezbędny
neck,szyja
need,potrzeba
needle,igła
negative,negatywny
neighbour,sąsiad
neighbourhood,sąsiedztwo
neither,ani
nephew,bratanek
nerve,nerw
nervous,nerwowy
nervously,nerwowo
nest,gniazdo
net,netto
network,sieć
never,nigdy
nevertheless,Niemniej jednak
new,Nowy
newly,nowo
news,Aktualności
newspaper,Gazeta
next,Kolejny
next to,obok
nice,ładny
nicely,ładnie
niece,siostrzenica
night,noc
nine,dziewięć
nineteen,dziewiętnaście
nineteenth,dziewiętnasty
ninetieth,ninetieth
ninety,dziewięćdziesiąt
ninth,dziewiąty
no,Nie
nobody,nikt
noise,hałas
noisily,hałaśliwie
noisy,głośny
non-,nie-
none,Żaden
nonsense,nonsens
no one,nikt
nor,ani
normal,normalna
normally,normalnie
north,północ
northern,północny
nose,nos
not,nie
note,Uwaga
note down,zapisać
nothing,nic
notice,ogłoszenie
noticeable,zauważalny
novel,powieść
November,listopad
now,teraz
nowhere,nigdzie
nuclear,jądrowy
number,numer
nurse,pielęgniarka
nut,orzech
obey,być posłusznym
object,obiekt
objective,cel
observation,obserwacja
observe,przestrzegać
obtain,uzyskać
obvious,oczywisty
obviously,oczywiście
occasion,okazja
occasionally,sporadycznie
occupied,zajęty
occupy,zająć
occur,pojawić się
occur to,wystąpić do
ocean,ocean
o’clock,godzina
October,październik
odd,dziwny
oddly,dziwnie
of,z
off,poza
offence,wykroczenie
offend,obrazić
offense,wykroczenie
offensive,ofensywa
offer,oferta
office,gabinet
officer,oficer
official,urzędnik
officially,oficjalnie
often,często
oh,O
oil,olej
OK,dobrze
old,stary
old-fashioned,staromodny
on,na
once,pewnego razu
one,jeden
one another,nawzajem
onion,cebula
online,online
only,tylko
onto,na
open,otwarty
opening,otwarcie
openly,otwarcie
open up,otworzyć
operate,obsługiwać
operation,operacja
opinion,opinia
opponent,przeciwnik
opportunity,okazja
oppose,sprzeciwiać się
opposed,przeciwny
opposing,przeciwstawiając
opposite,naprzeciwko
opposition,sprzeciw
option,opcja
or,lub
orange,Pomarańczowy
order,zamówienie
ordinary,zwyczajny
organ,organ
organization,organizacja
organize,zorganizować
organized,zorganizowany
origin,pochodzenie
original,oryginalny
originally,pierwotnie
other,inny
otherwise,Inaczej
ought to,powinien
our,nasz
ours,nasz
ourselves,my sami
out,na zewnątrz
outdoor,na wolnym powietrzu
outdoors,na dworze
outer,zewnętrzny
outline,zarys
output,wynik
outside,na zewnątrz
outstanding,wybitny
oven,piekarnik
over,nad
overall,ogólny
overcome,przezwyciężać
owe,zawdzięczać
own,posiadać
owner,właściciel
own up,przyznać się
pace,tempo
pack,Pakiet
package,pakiet
packaging,opakowania
packet,paczka
pack up,pakuj się
page,strona
pain,ból
painful,bolesny
paint,farba
painter,malarz
painting,obraz
pair,para
palace,pałac
pale,blady
pan,patelnia
panel,płyta
pants,Spodnie
paper,papier
parallel,równolegle
parent,rodzic
park,park
parliament,parlament
part,część
particular,szczególny
particularly,szczególnie
partly,częściowo
partner,partner
partnership,Współpraca
party,przyjęcie
pass,przechodzić
passage,przejście
pass away,odejść
pass by,mijać
passenger,pasażer
passing,przechodzący
pass on,przekazać dalej
pass out,zemdleć
passport,paszport
pass round,przechodzą runda
pass through,Przejść przez
past,przeszłość
path,ścieżka
patience,cierpliwość
patient,cierpliwy
pattern,wzór
pause,pauza
pay,zapłacić
pay back,Zemsta
payment,Zapłata
pay out,wypłacić
pay up,zapłacić
peace,pokój
peaceful,spokojna
peak,szczyt
pen,długopis
pencil,ołówek
penny,grosz
pension,emerytura
people,ludzie
pepper,pieprz
per,za
per cent,procent
perfect,doskonały
perfectly,doskonale
perform,wykonać
performance,występ
performer,wykonawca
perhaps,być może
period,Kropka
permanent,stały
permanently,na stałe
permission,pozwolenie
permit,pozwolić
person,osoba
personal,osobisty
personality,osobowość
personally,osobiście
persuade,namawiać
pet,zwierzę domowe
petrol,benzyna
phase,faza
philosophy,filozofia
phone,telefon
photo,zdjęcie
photocopy,kserokopia
photograph,sfotografować
photographer,fotograf
photography,fotografia
phrase,wyrażenie
physical,fizyczny
physically,fizycznie
physics,fizyka
piano,fortepian
pick,wybierać
pick up,odebrać
picture,obrazek
piece,kawałek
pig,świnia
pile,stos
pile up,spiętrzyć
pill,pigułka
pilot,pilot
pin,kołek
pink,różowy
pint,pół kwarty
pipe,rura
pitch,smoła
pity,szkoda
place,miejsce
plain,Równina
plan,plan
plane,samolot
planet,planeta
planning,planowanie
plant,roślina
plastic,Plastikowy
plate,talerz
platform,Platforma
play,grać
play about,Graj o
player,gracz
play with,bawić się
pleasant,przyjemne
pleasantly,przyjemnie
please,Proszę
pleased,zadowolony
pleasing,przyjemny
pleasure,przyjemność
plenty,dużo
plot,wątek
plug,wtyczka
plug in,podłącz
plus,plus
p.m.,po południu
pocket,kieszeń
poem,wiersz
poetry,poezja
point,punkt
pointed,spiczasty
point out,zwrocic uwage
poison,zatruć
poisonous,trujący
pole,Polak
police,Policja
policy,polityka
polish,Polskie
polite,uprzejmy
politely,grzecznie
political,polityczny
politically,politycznie
politician,polityk
politics,Polityka
pollution,zanieczyszczenie
pool,basen
poor,ubogi
pop,Muzyka pop
popular,popularny
population,populacja
port,Port
pose,poza
position,pozycja
positive,pozytywny
possess,posiadać
possession,posiadanie
possibility,możliwość
possible,możliwy
possibly,możliwie
post,Poczta
post office,Poczta
pot,garnek
potato,Ziemniak
potential,potencjał
potentially,potencjalnie
pound,funt
pour,wlać
powder,proszek
power,moc
powerful,potężny
practical,praktyczny
practically,praktycznie
practice,ćwiczyć
practise,ćwiczyć
praise,pochwała
pray,módl się
prayer,modlitwa
precise,precyzyjny
precisely,dokładnie
predict,"przepowiadać, wywróżyć"
prefer,woleć
preference,pierwszeństwo
pregnant,w ciąży
premises,lokal
preparation,przygotowanie
prepare,przygotować
prepared,przygotowany
presence,obecność
present,obecny
presentation,prezentacja
preserve,zachować
president,prezydent
press,naciśnij
pressure,nacisk
presumably,prawdopodobnie
pretend,stwarzać pozory
pretty,ładny
prevent,zapobiec
previous,poprzedni
previously,poprzednio
price,Cena £
pride,duma
priest,kapłan
primarily,głównie
primary,podstawowy
prime minister,premier
prince,książę
princess,księżniczka
principle,zasada
print,wydrukować
printer,drukarka
printing,druk
print off,wydrukować
prior,wcześniejszy
priority,priorytet
prison,więzienie
prisoner,więzień
private,prywatny
privately,prywatnie
prize,nagroda
probable,prawdopodobny
probably,prawdopodobnie
problem,problem
procedure,procedura
proceed,kontynuować
process,proces
produce,produkować
producer,producent
product,produkt
production,produkcja
profession,zawód
professional,profesjonalny
professor,profesor
profit,zysk
program,program
programme,program
progress,postęp
project,projekt
promise,obietnica
promote,promować
promotion,awans
prompt,skłonić
promptly,natychmiast
pronounce,wymawiać
pronunciation,wymowa
proof,dowód
proper,właściwy
properly,prawidłowo
property,własność
proportion,proporcja
proposal,wniosek
propose,zaproponować
prospect,perspektywa
protect,ochraniać
protection,ochrona
protest,protest
proud,dumny
proudly,dumnie
prove,okazać się
provide,zapewniać
provided,opatrzony
providing,dostarczanie
pub,pub
public,publiczny
publication,publikacja
publicity,reklama
publicly,publicznie
publish,publikować
publishing,wydawniczy
pull,Ciągnąć
pull apart,rozerwać
pull down,"rozbierać, opuszczać"
pull in,wciągać
pull off,ściągać
pull out,wyciągać
pull over,zjechać na pobocze
pull through,wyzdrowieć
pull together,współdziałać
pull up,zatrzymać się
punch,stempel
punish,karać
punishment,kara
pupil,uczeń
purchase,zakup
pure,czysty
purely,czysto
purple,fioletowy
purpose,"cel, powód"
pursue,kontynuować
push,Pchać
push about,pchnąć o
push forward,pchnąć do przodu
put,położyć
put away,odłożyć
put back,położyć z powrotem
put down,położyć
put forward,podniesionych
put in,wtrącić
put off,odkładać
put on,umieścić na
put out,zgasić
put through,połączyć telefonicznie
put together,Położyć razem
put up,wznieść
put up with,tolerować
qualification,kwalifikacja
qualified,wykwalifikowany
qualify,zakwalifikować
quality,jakość
quantity,Ilość
quarter,jedna czwarta
queen,królowa
question,pytanie
quick,szybki
quickly,szybko
quiet,cichy
quietly,cicho
quit,porzucić
quite,całkiem
quote,zacytować
race,wyścigi
racing,wyścigi
radio,radio
rail,szyna
railroad,popędzać
railway,kolej żelazna
rain,deszcz
raise,podnieść
range,zasięg
rank,ranga
rapid,nagły
rapidly,szybko
rare,rzadko spotykany
rarely,rzadko
rate,oceniać
rather,raczej
raw,surowy
re-,re-
reach,dosięgnąć
react,reagować
reaction,odczyn
read,czytać
reader,czytelnik
reading,czytanie
read out,odczytać
read over,Przeczytane
ready,gotowy
real,real
realistic,realistyczny
reality,rzeczywistość
realize,realizować
really,naprawdę
rear,tylny
reason,powód
reasonable,rozsądny
reasonably,rozsądnie
recall,odwołanie
receipt,paragon
receive,otrzymać
recent,niedawny
recently,niedawno
reception,Przyjęcie
reckon,liczyć się
reckon on,spodziewać się
recognition,uznanie
recognize,rozpoznać
recommend,polecić
record,rekord
recording,nagranie
recover,wyzdrowieć
red,czerwony
reduce,redukować
reduction,zmniejszenie
refer,odnosić się
reference,odniesienie
refer to,odnosić się do
reflect,odzwierciedlić
reform,reforma
refrigerator,lodówka
refusal,odmowa
refuse,odmówić
regard,uważać
regarding,Jeżeli chodzi o
region,region
regional,regionalny
register,zarejestrować
regret,żal
regular,regularny
regularly,regularnie
regulation,rozporządzenie
reject,odrzucać
relate,odnosić się
related,związane z
relate to,dotyczą
relation,relacja
relationship,związek
relative,krewny
relatively,stosunkowo
relax,zrelaksować się
relaxed,zrelaksowany
relaxing,odprężający
release,wydanie
relevant,istotnych
relief,ulga
religion,religia
religious,religijny
rely,polegać
rely on,polegać na
remain,pozostawać
remaining,pozostały
remains,pozostaje
remark,uwaga
remarkable,znakomity
remarkably,wybitnie
remember,Zapamiętaj
remind,przypomnieć
remind of,przypomnieć o
remote,zdalny
removal,usuwanie
remove,usunąć
rent,wynajem
rented,wynajęty
repair,naprawic
repeat,powtarzać
repeated,powtarzający się
repeatedly,wielokrotnie
replace,zastąpić
reply,Odpowiadać
report,raport
represent,przedstawiać
representative,przedstawiciel
reproduce,rozmnażać się
reputation,reputacja
request,żądanie
require,wymagać
requirement,wymaganie
rescue,ratować
research,Badania
reservation,rezerwacja
reserve,rezerwa
resident,Mieszkaniec
resist,opierać się
resistance,odporność
resolve,rozwiązać
resort,Ośrodek wczasowy
resort to,udać się do
resource,ratunek
respect,szacunek
respond,zareagować
response,odpowiedź
responsibility,odpowiedzialność
responsible,odpowiedzialny
rest,odpoczynek
restaurant,restauracja
restore,przywracać
restrict,ograniczać
restricted,ograniczony
restriction,ograniczenie
result,wynik
result in,skutkować w
retain,zachować
retire,przejść na emeryturę
retired,na emeryturze
retirement,przejście na emeryturę
return,powrót
reveal,odsłonić
reverse,rewers
review,przejrzeć
revise,Poprawić
revision,rewizja
revolution,rewolucja
reward,nagroda
rhythm,rytm
rice,Ryż
rich,bogaty
rid,pozbyć się
ride,jazda
rider,jeździec
ridiculous,śmieszny
riding,jazda konna
right,dobrze
rightly,słusznie
ring,pierścień
ring back,oddzwonienie
rise,wzrost
risk,ryzyko
rival,rywalizować
river,rzeka
road,Droga
rob,obrabować
rock,skała
role,rola
roll,rolka
romantic,romantyczny
roof,dach
room,Pokój
root,korzeń
rope,lina
rough,szorstki
roughly,w przybliżeniu
round,okrągły
rounded,bułczasty
route,trasa
routine,rutyna
row,rzęd
royal,królewski
rub,pocierać
rubber,gumowy
rubbish,śmieci
rude,niegrzeczny
rudely,niegrzecznie
ruin,ruina
ruined,zrujnowany
rule,reguła
rule out,wykluczyć
ruler,linijka
rumour,plotka
run,biegać
run after,uruchomić po
run away,uciec
runner,biegacz
running,bieganie
run out,skończyć się
run over,przejechać
run through,przebiec
rural,wiejski
rush,wysypka
sack,worek
sad,smutny
sadly,niestety
sadness,smutek
safe,bezpieczny
safely,bezpiecznie
safety,bezpieczeństwo
sail,żagiel
sailing,Żeglarstwo
sailor,marynarz
salad,Sałatka
salary,wynagrodzenie
sale,sprzedaż
salt,Sól
salty,słony
same,podobnie
sample,próba
sand,piasek
satisfaction,zadowolenie
satisfied,zadowolona
satisfy,usatysfakcjonować
satisfying,dogadzający
Saturday,sobota
sauce,sos
save,zapisać
saving,oszczędność
say,mówić
scale,skala
scare,przestraszyć
scared,przestraszony
scare off,odstraszyć
scene,scena
schedule,harmonogram
scheme,schemat
school,szkoła
science,nauka
scientific,naukowy
scientist,naukowiec
scissors,nożyce
score,wynik
scratch,zadraśnięcie
scream,krzyk
screen,ekran
screw,wkręt
sea,morze
seal,foka
seal off,odciąć
search,Szukaj
season,pora roku
seat,siedzenie
second,drugi
secondary,wtórny
secret,sekret
secretary,sekretarz
secretly,potajemnie
section,Sekcja
sector,sektor
secure,bezpieczne
security,bezpieczeństwo
see,widzieć
see about,zająć się
seed,nasionko
seek,szukać
seem,wydać się
see to,dopilnować
select,Wybierz
selection,wybór
self,samego siebie
self-,samego siebie-
sell,Sprzedać
sell off,wyprzedać
sell out,wyprzedać
senate,senat
senator,senator
send,wysłać
send for,wysłać do
send off,odesłać
senior,senior
sense,sens
sensible,rozsądny
sensitive,wrażliwy
sentence,zdanie
separate,oddzielny
separated,rozdzielony
separately,osobno
separation,separacja
September,wrzesień
series,seria
serious,poważny
seriously,poważnie
servant,sługa
serve,obsługiwać
service,usługa
session,sesja
set,zestaw
set off,wyruszać
set out,wyruszać
settle,rozstrzygać
settle down,ustatkować się
set up,Ustawiać
seven,siedem
seventeen,siedemnaście
seventh,siódmy
seventieth,siedemdziesiąty
seventy,siedemdziesiąt
several,kilka
severe,silny
severely,surowo
sew,szyć
sewing,szycie
sex,seks
sexual,seksualny
sexually,seksualnie
shade,cień
shadow,cień
shake,wstrząsać
shall,powinien
shallow,Płycizna
shame,wstyd
shape,kształt
shaped,kształcie
share,dzielić
sharp,ostry
sharply,ostro
shave,golić się
she,Ona
sheep,owca
sheet,arkusz
shelf,półka
shell,muszla
shelter,schron
shift,Zmiana
shine,połysk
shiny,błyszczący
ship,statek
shirt,koszula
shock,zaszokować
shocked,wstrząśnięty
shocking,wstrząsający
shoe,but
shoot,strzelać
shoot down,zestrzelić
shooting,strzelanie
shop,sklep
shopping,zakupy
short,krótki
shortly,wkrótce
shot,strzał
should,powinien
shoulder,ramię
shout,krzyczeć
show,pokazać
shower,prysznic
show off,popisujesz się
show round,oprowadzać
show up,pokazać się
shut,zamknąć
shut down,zamknąć
shut in,zamknąć
shut out,wykluczać
shut up,Zamknij się
shy,nieśmiały
sick,chory
side,bok
sideways,bokiem
sight,widok
sign,znak
signal,sygnał
signature,podpis
significant,znaczący
significantly,znacznie
silence,cisza
silent,cichy
silk,jedwab
silly,głupi
silver,srebro
similar,podobny
similarly,podobnie
simple,prosty
simply,po prostu
since,od
sincere,szczery
sincerely,Z poważaniem
sing,śpiewać
singer,piosenkarz
singing,śpiewanie
single,pojedynczy
sink,tonąć
sir,Pan
sister,siostra
sit,siedzieć
sit down,Usiądź
site,teren
situation,sytuacja
six,sześć
sixteen,szesnaście
sixth,szósty
sixtieth,sześćdziesiąty
sixty,sześćdziesiąt
size,rozmiar
skilful,umiejętny
skilfully,umiejętnie
skill,umiejętność
skilled,wykwalifikowany
skin,skóra
skirt,Spódnica
sky,niebo
sleep,sen
sleeve,rękaw
slice,plasterek
slide,ślizgać się
slight,niewielki
slightly,nieco
slip,poślizg
slope,nachylenie
slow,powolny
slowly,powoli
small,mały
smart,mądry
smash,rozbić
smell,zapach
smile,uśmiech
smoke,palić
smoking,palenie
smooth,gładki
smoothly,płynnie
snake,wąż
snow,śnieg
so,więc
soap,mydło
social,społeczny
socially,społecznie
society,społeczeństwo
sock,skarpetka
soft,miękki
softly,delikatnie
software,oprogramowanie
soil,gleba
soldier,żołnierz
solid,solidny
solution,rozwiązanie
solve,rozwiązać
some,trochę
somebody,ktoś
somehow,jakoś
someone,ktoś
something,coś
sometimes,czasami
somewhat,nieco
somewhere,gdzieś
son,syn
song,piosenka
soon,wkrótce
sore,ból
sorry,Przepraszam
sort,sortować
sort out,uporządkować
soul,dusza
sound,dźwięk
soup,zupa
sour,kwaśny
source,źródło
south,południe
southern,południowy
space,przestrzeń
spare,zapasowy
speak,mówić
speaker,głośnik
speak out,mówić otwarcie
speak up,mów głośniej
special,specjalny
specialist,specjalista
specially,specjalnie
specific,konkretny
specifically,konkretnie
speech,przemówienie
speed,prędkość
speed up,przyśpieszyć
spell,zaklęcie
spelling,pisownia
spend,wydać
spice,przyprawa
spicy,Pikantny
spider,pająk
spin,obracać
spirit,duch
spiritual,duchowy
spite,złość
split,rozdzielać
split up,rozdzielać się
spoil,zepsuć
spoken,Mówiony
spoon,łyżka
sport,sport
spot,miejsce
spray,rozpylać
spread,rozpiętość
spread out,rozrzucić
spring,wiosna
square,plac
squeeze,ściskać
stable,stabilny
staff,personel
stage,etap
stair,schodek
stamp,znaczek
stand,stoisko
standard,standard
stand back,Cofnij się
stand by,czekaj
stand for,oznaczać
stand out,wyróżniać się
stand up,Wstań
stand up for,stanąć w obronie
star,gwiazda
stare,gapić się
start,początek
start off,wyruszać
start out,ruszać w drogę
start up,rozpocząć
state,stan
statement,komunikat
station,stacja
statue,statua
status,status
stay,zostać
stay away,nie zbliżaj się
stay out of,trzymać z dala od
steadily,stale
steady,stały
steal,skraść
steam,parowy
steel,stal
steep,stromy
steeply,stromo
steer,sterować
step,krok
stick,kij
stick out,wystawać
stick to,trzymać się
stick up,trzymać się
sticky,lepki
stiff,sztywny
stiffly,twardo
still,nadal
sting,Żądło
stir,wymieszać
stock,Zbiory
stomach,żołądek
stone,kamień
stop,zatrzymać
store,sklep
storm,burza
story,fabuła
stove,kuchenka
straight,prosto
strain,odcedzić
strange,dziwne
strangely,dziwnie
stranger,nieznajomy
strategy,strategia
stream,strumień
street,ulica
strength,siła
stress,naprężenie
stressed,akcentowany
stretch,rozciągać
strict,ścisły
strictly,rygorystycznie
strike,strajk
striking,uderzający
string,strunowy
strip,rozebrać się
stripe,naszywka
striped,w paski
stroke,uderzenie
strong,silny
strongly,silnie
structure,Struktura
struggle,borykać się
student,student
studio,studio
study,nauka
stuff,rzeczy
stupid,głupi
style,styl
subject,Przedmiot
substance,substancja
substantial,znaczny
substantially,w zasadzie
substitute,zastąpić
succeed,osiągnąć sukces
success,sukces
successful,odnoszący sukcesy
successfully,z powodzeniem
such,taki
suck,ssać
sudden,nagły
suddenly,nagle
suffer,ponieść
suffering,cierpienie
sufficient,wystarczający
sufficiently,dostatecznie
sugar,cukier
suggest,sugerować
suggestion,sugestia
suit,garnitur
suitable,odpowiedni
suitcase,walizka
suited,nadaje się
sum,suma
summary,streszczenie
summer,lato
sum up,podsumować
sun,słońce
Sunday,niedziela
superior,lepszy
supermarket,supermarket
supply,Dostawa
support,wsparcie
supporter,kibic
suppose,przypuszczać
sure,pewnie
surely,pewno
surface,powierzchnia
surname,nazwisko
surprise,niespodzianka
surprised,zaskoczony
surprising,zaskakujący
surprisingly,zaskakująco
surround,otaczać
surrounding,otaczający
surroundings,okolica
survey,Ankieta
survive,przetrwać
suspect,posądzać
suspicion,podejrzenie
suspicious,podejrzany
swallow,Łyk
swear,przysięgać
swearing,przysięga
sweat,pocić się
sweater,sweter
sweep,zamiatać
sweet,Słodkie
swell,puchnąć
swelling,obrzęk
swim,pływać
swimming,pływanie
swimming pool,basen
swing,huśtawka
switch,przełącznik
switch off,wyłączyć
swollen,spuchnięty
symbol,symbol
sympathetic,współczujący
sympathy,współczucie
system,system
table,stół
tablet,tablet
tackle,sprzęt
tail,ogon
take,brać
take away,na wynos
take back,wziąć z powrotem
take down,zdjąć
take in,nabrać kogoś
take off,odlecieć
take on,przybrać
take over,przejąć
take up,zająć
talk,rozmowa
tall,wysoki
tank,czołg
tap,kran
tape,taśma
target,cel
task,zadanie
taste,smak
tax,podatek
taxi,Taxi
tea,herbata
teach,nauczać
teacher,nauczyciel
teaching,nauczanie
team,zespół
tear,łza
tear,rozdarcie
tear up,rozerwać
technical,techniczny
technique,technika
technology,technologia
telephone,telefon
television,telewizja
tell,powiedzieć
tell off,zganić
temperature,temperatura
temporarily,tymczasowo
temporary,chwilowy
ten,dziesięć
tend,zmierzać
tendency,tendencja
tension,napięcie
tent,namiot
tenth,dziesiąty
term,semestr
terrible,straszny
terribly,niemożliwie
test,test
text,tekst
than,niż
thank,podziękować
thanks,dzięki
thank you,Dziękuję Ci
that,że
the,
theatre,teatr
their,ich
theirs,ich
them,im
theme,motyw
themselves,sami
then,następnie
theory,teoria
there,tam
therefore,w związku z tym
they,one
thick,gruby
thickly,mętnie
thickness,grubość
thief,złodziej
thin,cienki
thing,rzecz
think,myśleć
think about,myśleć o
thinking,myślący
think of,myśleć o
think of as,myśleć jak
think over,przemyśleć
think up,wymyślać
third,trzeci
thirsty,spragniony
thirteen,trzynaście
thirteenth,trzynasty
thirtieth,trzydziesty
thirty,trzydzieści
this,to
thorough,dokładny
thoroughly,dokładnie
though,chociaż
thought,myśl
thousand,tysiąc
thousandth,tysięczny
thread,wątek
threat,zagrożenie
threaten,grozić
threatening,groźny
three,trzy
throat,gardło
through,przez
throughout,poprzez
throw,rzucać
throw away,wyrzucić
throw out,wyrzucić
thumb,kciuk
Thursday,czwartek
thus,a zatem
ticket,bilet
tidy,uporządkowane
tie,wiązanie
tie up,narzucać
tight,mocno
tightly,ciasno
till,do
time,czas
timetable,rozkład jazdy
tin,cyna
tiny,malutki
tip,Wskazówka
tip over,przewrócić
tire,opona
tired,zmęczony
tire out,Zmeczyc sie
tiring,męczący
title,tytuł
to,do
today,dzisiaj
toe,palec u nogi
together,razem
toilet,toaleta
tomato,pomidor
tomorrow,jutro
ton,tona
tone,ton
tongue,język
tonight,tej nocy
tonne,tona
too,zbyt
tool,narzędzie
tooth,ząb
top,Top
topic,temat
total,całkowity
totally,całkowicie
touch,dotknąć
tough,twardy
tour,wycieczka
tourist,turystyczny
towards,w kierunku
towel,ręcznik
tower,wieża
town,miasto
toy,zabawka
trace,ślad
track,tor
trade,handel
trading,handlowy
tradition,tradycja
traditional,tradycyjny
traditionally,tradycyjnie
traffic,ruch drogowy
train,pociąg
training,trening
transfer,transfer
transform,przekształcać
translate,Tłumaczyć
translation,tłumaczenie
transparent,przezroczysty
transport,transport
transportation,transport
trap,pułapka
travel,podróżować
traveller,podróżny
treat,leczyć
treatment,leczenie
tree,drzewo
trend,tendencja
trial,próba
triangle,trójkąt
trick,sztuczka
trip,wycieczka
tropical,tropikalny
trouble,kłopot
trousers,spodnie
truck,ciężarówka
TRUE,PRAWDZIWE
truly,naprawdę
trust,zaufanie
truth,prawda
try,próbować
try on,Spróbuj
try out,spróbować
tube,rura
Tuesday,wtorek
tune,melodia
tunnel,tunel
turn,skręcać
turn back,odwrócić się
turn down,Wyłącz
turn into,przemienić się
turn off,wyłączyć
turn on,włączyć
turn out,okazać się
turn over,przewracać
turn round,zawracać
turn to,zabierać się do dzieła
turn up,zjawiać się
TV,telewizja
twelfth,dwunasty
twelve,dwanaście
twentieth,dwudziesty
twenty,dwadzieścia
twice,dwa razy
twin,bliźniak
twist,skręcać
twisted,skręcone
two,dwa
type,rodzaj
typical,typowy
typically,zazwyczaj
tyre,opona
the unemployed,bezrobotni
the unexpected,niespodziewane
ugly,brzydki
ultimate,ostateczny
ultimately,ostatecznie
umbrella,parasol
unable,niezdolny
unacceptable,gorszący
uncertain,niepewny
uncle,wujek
uncomfortable,niewygodny
unconscious,nieprzytomny
uncontrolled,niekontrolowane
under,pod
underground,pod ziemią
underneath,pod spodem
understand,Rozumiesz
understanding,zrozumienie
underwater,Podwodny
underwear,Bielizna
undo,Cofnij
unemployed,bezrobotny
unemployment,bezrobocie
unexpected,niespodziewany
unexpectedly,niespodziewanie
unfair,niesprawiedliwy
unfairly,nieczysto
unfortunate,niefortunny
unfortunately,Niestety
unfriendly,nieprzyjazny
unhappy,nieszczęśliwy
uniform,mundur
unimportant,nieważny
union,unia
unique,wyjątkowy
unit,jednostka
unite,zjednoczyć
united,zjednoczony
universe,wszechświat
university,Uniwersytet
unkind,niedobry
unknown,nieznany
unless,chyba że
unlike,w odróżnieniu
unlikely,nieprawdopodobne
unload,rozładować
unlucky,nieszczęśliwy
unnecessary,niepotrzebne
unpleasant,nieprzyjemny
unreasonable,nierozsądny
unsteady,niepewny
unsuccessful,nieudany
untidy,nieporządny
until,aż do
unusual,niezwykły
unusually,niezwykle
unwilling,niechętny
unwillingly,niechętnie
up,w górę
upon,na
upper,górny
upset,zdenerwowany
upsetting,przykre
upside down,do góry nogami
upstairs,na górę
upward,w górę
upwards,w górę
urban,miejski
urge,popęd
urgent,pilne
us,nas
use,posługiwać się
used,używany
used to,przyzwyczajony
useful,przydatny
useless,nieprzydatny
user,użytkownik
use up,zużyć
usual,zwykły
usually,zazwyczaj
vacation,wakacje
valid,ważny
valley,dolina
valuable,wartościowy
value,wartość
van,awangarda
variation,zmiana
varied,urozmaicony
variety,różnorodność
various,różny
vary,różnią się
vast,ogromny
vegetable,warzywo
vehicle,pojazd
venture,przedsięwzięcie
version,wersja
vertical,pionowy
very,bardzo
via,przez
victim,ofiara
victory,zwycięstwo
video,wideo
view,widok
village,wioska
violence,przemoc
violent,gwałtowny
violently,gwałtownie
virtually,wirtualnie
virus,wirus
visible,widoczny
vision,wizja
visit,odwiedzić
visitor,gość
vital,istotny
vocabulary,słownictwo
voice,głos
volume,Tom
vote,głosować
wage,gaża
waist,talia
wait,czekać
waiter,kelner
wake,budzić
walk,spacerować
walking,pieszy
walk out,wyjść
walk up,podchodzić
wall,Ściana
wallet,portfel
wander,zbłądzić
want,chcieć
war,wojna
warm,ciepły
warmth,ciepło
warm up,rozgrzać się
warn,ostrzec
warning,ostrzeżenie
wash,myć się
wash away,zmyć
washing,mycie
wash off,zmyć
wash out,wypłukać
wash up,zmyć naczynia
waste,marnotrawstwo
watch,zegarek
watch out,Uważaj
watch out for,Uważaj na
water,woda
wave,fala
way,sposób
we,my
weak,słaby
weakness,słabość
wealth,bogactwo
weapon,broń
wear,nosić
wear away,gasnąć
wear off,mijać
wear out,zniszczyć
weather,pogoda
web,sieć
website,stronie internetowej
wedding,ślub
Wednesday,środa
week,tydzień
weekend,weekend
weekly,co tydzień
weigh,ważyć
weight,waga
welcome,Witamy
well,dobrze
well known,dobrze znane
west,Zachód
western,Zachodni
wet,mokro
what,co
whatever,cokolwiek
wheel,koło
when,gdy
whenever,kiedy tylko
where,gdzie
whereas,natomiast
wherever,gdziekolwiek
whether,czy
which,który
while,podczas
whisper,szept
whistle,gwizdać
white,biały
who,kto
whoever,ktokolwiek
whole,cały
whom,kogo
whose,którego
why,dlaczego
wide,szeroki
widely,szeroko
width,szerokość
wife,żona
wild,dziki
wildly,wściekle
will,Wola
willing,skłonny
willingly,chętnie
willingness,chęci
win,zdobyć
wind,wiatr
window,okno
wine,wino
wing,skrzydło
winner,zwycięzca
winning,zwycięski
winter,zimowy
wire,drut
wise,mądry
wish,życzenie
with,z
withdraw,wycofać
within,w ciągu
without,bez
witness,świadek
woman,kobieta
wonder,cud
wonderful,wspaniale
wood,drewno
wooden,z drewna
wool,wełna
word,słowo
work,praca
worker,pracownik
working,pracujący
work out,odrobić
world,świat
worried,zmartwiony
worry,martwić się
worrying,niepokojący
worse,gorzej
worship,kult
worst,najgorszy
worth,wartość
would,by
wound,rana
wounded,ranny
wrap,owinąć
wrapping,zawijanie
wrist,nadgarstek
write,pisać
write back,odpisać
write down,zanotować
writer,pisarz
writing,pisanie
written,napisany
wrong,źle
wrongly,niewłaściwie
yard,dziedziniec
yawn,ziewać
yeah,Tak
year,rok
yellow,żółty
yes,tak
yesterday,wczoraj
yet,jeszcze
you,ty
young,młody
your,Twój
yours,Twój
yourself,siebie
youth,młodość
zero,zero
zone,strefa